<?xml version="1.0" encoding="utf-8" ?>
<dwsync>
<file name="adidas.jpg" server="C:/AppServ/www/banhangtructuyen/" local="128759468100177500" remote="128759468100000000" />
<file name="adidas_1.jpg" server="C:/AppServ/www/banhangtructuyen/" local="128759703923302500" remote="128759703920000000" />
<file name="burberry.jpg" server="C:/AppServ/www/banhangtructuyen/" local="128759468112365000" remote="128759468110000000" />
<file name="burberry_1.jpg" server="C:/AppServ/www/banhangtructuyen/" local="128759705777365000" remote="128759705770000000" />
<file name="kappa.jpg" server="C:/AppServ/www/banhangtructuyen/" local="128759468131583750" remote="128759468130000000" />
<file name="kappa_1.jpg" server="C:/AppServ/www/banhangtructuyen/" local="128759705777365000" remote="128759705770000000" />
<file name="puma.jpg" server="C:/AppServ/www/banhangtructuyen/" local="128759468152677500" remote="128759468150000000" />
<file name="puma_1.jpg" server="C:/AppServ/www/banhangtructuyen/" local="128759705777365000" remote="128759705770000000" />
</dwsync>